Form ID,Form Name,Analytics Window Start,Analytics Window End,View,Period,# Responses
A8X3F2K9M7P5T1RQ,Career Development Survey,09/01/2024,09/30/2024,Daily,09/01/2024,3
A8X3F2K9M7P5T1RQ,Career Development Survey,09/01/2024,09/30/2024,Daily,09/02/2024,5
A8X3F2K9M7P5T1RQ,Career Development Survey,09/01/2024,09/30/2024,Daily,09/03/2024,7
A8X3F2K9M7P5T1RQ,Career Development Survey,09/01/2024,09/30/2024,Daily,09/04/2024,8
A8X3F2K9M7P5T1RQ,Career Development Survey,09/01/2024,09/30/2024,Daily,09/05/2024,9
A8X3F2K9M7P5T1RQ,Career Development Survey,09/01/2024,09/30/2024,Daily,09/06/2024,12
A8X3F2K9M7P5T1RQ,Career Development Survey,09/01/2024,09/30/2024,Daily,09/07/2024,2
A8X3F2K9M7P5T1RQ,Career Development Survey,09/01/2024,09/30/2024,Daily,09/08/2024,1
A8X3F2K9M7P5T1RQ,Career Development Survey,09/01/2024,09/30/2024,Daily,09/09/2024,6
A8X3F2K9M7P5T1RQ,Career Development Survey,09/01/2024,09/30/2024,Daily,09/10/2024,8
A8X3F2K9M7P5T1RQ,Career Development Survey,09/01/2024,09/30/2024,Daily,09/11/2024,10
A8X3F2K9M7P5T1RQ,Career Development Survey,09/01/2024,09/30/2024,Daily,09/12/2024,11
A8X3F2K9M7P5T1RQ,Career Development Survey,09/01/2024,09/30/2024,Daily,09/13/2024,14
A8X3F2K9M7P5T1RQ,Career Development Survey,09/01/2024,09/30/2024,Daily,09/14/2024,3
A8X3F2K9M7P5T1RQ,Career Development Survey,09/01/2024,09/30/2024,Daily,09/15/2024,2
A8X3F2K9M7P5T1RQ,Career Development Survey,09/01/2024,09/30/2024,Daily,09/16/2024,4
A8X3F2K9M7P5T1RQ,Career Development Survey,09/01/2024,09/30/2024,Daily,09/17/2024,6
A8X3F2K9M7P5T1RQ,Career Development Survey,09/01/2024,09/30/2024,Daily,09/18/2024,7
A8X3F2K9M7P5T1RQ,Career Development Survey,09/01/2024,09/30/2024,Daily,09/19/2024,9
A8X3F2K9M7P5T1RQ,Career Development Survey,09/01/2024,09/30/2024,Daily,09/20/2024,11
A8X3F2K9M7P5T1RQ,Career Development Survey,09/01/2024,09/30/2024,Daily,09/21/2024,2
A8X3F2K9M7P5T1RQ,Career Development Survey,09/01/2024,09/30/2024,Daily,09/22/2024,1
A8X3F2K9M7P5T1RQ,Career Development Survey,09/01/2024,09/30/2024,Daily,09/23/2024,3
A8X3F2K9M7P5T1RQ,Career Development Survey,09/01/2024,09/30/2024,Daily,09/24/2024,4
A8X3F2K9M7P5T1RQ,Career Development Survey,09/01/2024,09/30/2024,Daily,09/25/2024,5
A8X3F2K9M7P5T1RQ,Career Development Survey,09/01/2024,09/30/2024,Daily,09/26/2024,6
A8X3F2K9M7P5T1RQ,Career Development Survey,09/01/2024,09/30/2024,Daily,09/27/2024,7
A8X3F2K9M7P5T1RQ,Career Development Survey,09/01/2024,09/30/2024,Daily,09/28/2024,1
A8X3F2K9M7P5T1RQ,Career Development Survey,09/01/2024,09/30/2024,Daily,09/29/2024,0
A8X3F2K9M7P5T1RQ,Career Development Survey,09/01/2024,09/30/2024,Daily,09/30/2024,2
