Name,Last edited by,Last edited time
SGCC,Joji Mendoza-Chan,"June 13, 2026 9:08 AM"
Forms,Anatolii Ilnytskyi,"July 6, 2026 5:31 PM"
Communications,Myles Ng,"May 26, 2026 6:51 AM"
System,Joji Mendoza-Chan,"July 12, 2026 3:36 PM"
Additional Context,Joji Mendoza-Chan,"May 13, 2026 7:35 AM"
Employer,Joji Mendoza-Chan,"July 1, 2026 1:27 PM"
Jobs,Joji Mendoza-Chan,"June 13, 2026 2:50 PM"
Coaching & Appointments,Myles Ng,"May 28, 2026 4:27 PM"
Mentorship,Myles Ng,"July 1, 2026 11:10 AM"
Dashboards & Reports,Myles Ng,"July 10, 2026 3:56 PM"
Events,Joji Mendoza-Chan,"June 13, 2026 8:38 AM"
RBAC,Joji Mendoza-Chan,"May 13, 2026 2:49 PM"
Technical Documentation,Anatolii Ilnytskyi,"July 10, 2026 3:44 PM"
Release Notes,Anatolii Ilnytskyi,"July 10, 2026 3:49 PM"
CSM FAQ,Delfrinando Pranata,"July 6, 2026 8:16 PM"